序号,链接,节点数
0,https://clashnode.com/wp-content/uploads/2024/01/20240104.txt,14
1,https://nodefree.org/dy/2024/01/20240104.yaml,14
2,https://oneclash.cc/wp-content/uploads/2024/01/20240103.txt,47
3,https://v2rayshare.com/wp-content/uploads/2024/01/20240104.txt,34
4,https://wefound.cc/freenode/2024/01/20240104.txt,44
5,https://fastestcloud.xyz/api/v1/client/subscribe?token=66642d5a02d1b624e0027a1bbd6d06e1,63
6,https://oss.v2rayse.com/proxies/data/2024-01-03/6xzdhY0.txt,39
7,https://prop.cf/?name=paimon&client=base64,2
8,https://prop.cf/?name=paimon&client=clash,2
9,https://raw.githubusercontent.com/abshare/abshare.github.io/main/README.md,130
10,https://raw.githubusercontent.com/aiboboxx/v2rayfree/main/v2,110
11,https://raw.githubusercontent.com/freefq/free/master/v2,61
12,https://raw.githubusercontent.com/mianfeifq/share/main/README.md,170
13,https://raw.githubusercontent.com/mksshare/mksshare.github.io/main/README.md,140
14,https://raw.githubusercontent.com/ripaojiedian/freenode/main/clash,27
15,https://raw.githubusercontent.com/ripaojiedian/freenode/main/sub,27
16,https://www.ckcloud.xyz/api/v1/client/subscribe?token=15e191490cdaeb908004f310f4904226,58
17,https://xn--30rs3bu7r87f.com/api/v1/client/subscribe?token=197c699e323fc305f837eeaeff39db76,0
18,dynamic://kkzui,39
19,dynamic://sharkdoor,7

总计,,252
